<?xml version="1.0" encoding="UTF-8"?>
<eml:eml xmlns:eml="https://eml.ecoinformatics.org/eml-2.2.0" xmlns:xsi="http://www.w3.org/2001/XMLSchema-instance" xmlns:stmml="http://www.xml-cml.org/schema/stmml-1.1" xsi:schemaLocation="https://eml.ecoinformatics.org/eml-2.2.0 xsd/eml.xsd" xml:lang="eng" system="undefined" packageId="87c8f90b-ff7b-408c-b4be-ce381119c8bd">
  <dataset>
    <title>iRfcb Test Data</title>
    <keywordSet>
      <keyword>Imaging FlowCytobot</keyword>
      <keyword>phytoplankton</keyword>
      <keyword>microzooplankton</keyword>
      <keyword>imaging</keyword>
      <keyword>sampling event</keyword>
    </keywordSet>
    <contact>
      <individualName>
        <givenName>Anders</givenName>
        <surName>Torstensson</surName>
      </individualName>
    </contact>
    <abstract>Imaging FlowCytobot sample data from the iRfcb R
package, collected onboard R/V Svea between 2022 and 2023.<value>Exempeldata från
Imaging FlowCytobot i iRfcb R-paketet, insamlade ombord R/V Svea mellan
2022 och 2023.</value></abstract>
    <creator>
      <individualName>
        <givenName>Anders</givenName>
        <surName>Torstensson</surName>
      </individualName>
      <positionName>researcher</positionName>
      <organizationName>Swedish Meteorological and Hydrological
Institute</organizationName>
      <electronicMailAddress>anders.torstensson@smhi.se</electronicMailAddress>
    </creator>
  </dataset>
</eml:eml>
